{"cameraMode":{"drawMode":0,"name":"Shaded","section":"Shading Mode"},"sceneLighting":false,"audioPlay":false,"sceneViewState":{"showFog":true,"showMaterialUpdate":false,"showSkybox":true,"showFlares":true,"showImageEffects":true,"showParticleSystems":true},"in2DMode":false,"pivot":{"x":0.011562556028366089,"y":-2.2170066833496095,"z":4.34922981262207},"rotation":{"x":-0.2248087227344513,"y":0.02281028963625431,"z":-0.005264207720756531,"w":-0.9741216897964478},"size":6.162550926208496,"orthographic":false}