{"cameraMode":{"drawMode":0,"name":"Shaded","section":"Shading Mode"},"sceneLighting":false,"audioPlay":false,"sceneViewState":{"showFog":true,"showMaterialUpdate":false,"showSkybox":true,"showFlares":true,"showImageEffects":true,"showParticleSystems":true},"in2DMode":false,"pivot":{"x":0.21483439207077027,"y":0.09802037477493286,"z":4.145662307739258},"rotation":{"x":-0.14644935727119447,"y":0.06613806635141373,"z":-0.00981389731168747,"w":-0.986956000328064},"size":1.7529726028442383,"orthographic":false}